{
  "Logistic Regression": {
    "accuracy": 0.13339824732229796,
    "precision": 0.19927621217836228,
    "recall": 0.20725142774579114,
    "f1_score": 0.10163494547422747,
    "roc_auc": 0.4960060571883586
  },
  "Random Forest": {
    "accuracy": 0.8001460564751705,
    "precision": 0.16002921129503409,
    "recall": 0.2,
    "f1_score": 0.17779580797836375,
    "roc_auc": 0.5084207061089697
  },
  "XGBoost": {
    "accuracy": 0.8001460564751705,
    "precision": 0.26005845104724795,
    "recall": 0.2004257722488577,
    "f1_score": 0.17875832416568388,
    "roc_auc": 0.5001650501995109
  },
  "LightGBM": {
    "accuracy": 0.6959591041869523,
    "precision": 0.2013487294439856,
    "recall": 0.20238709913985636,
    "f1_score": 0.1998019600975618,
    "roc_auc": 0.5137058507311243
  },
  "MLP": {
    "accuracy": 0.8001460564751705,
    "precision": 0.16002921129503409,
    "recall": 0.2,
    "f1_score": 0.17779580797836375,
    "roc_auc": 0.503533984641009
  }
}