{
  "Logistic Regression": {
    "accuracy": 1.0,
    "precision": 1.0,
    "recall": 1.0,
    "f1_score": 1.0,
    "roc_auc": 1.0
  },
  "Random Forest": {
    "accuracy": 0.9875,
    "precision": 1.0,
    "recall": 0.9666666666666667,
    "f1_score": 0.9830508474576272,
    "roc_auc": 1.0
  },
  "XGBoost": {
    "accuracy": 0.9625,
    "precision": 1.0,
    "recall": 0.9,
    "f1_score": 0.9473684210526315,
    "roc_auc": 0.9986666666666667
  }
}