{
  "Logistic Regression": {
    "accuracy": 1.0,
    "precision": 1.0,
    "recall": 1.0,
    "f1_score": 1.0,
    "roc_auc": 1.0
  },
  "Random Forest": {
    "accuracy": 0.9875,
    "precision": 1.0,
    "recall": 0.9666666666666667,
    "f1_score": 0.9830508474576272,
    "roc_auc": 1.0
  },
  "MLP": {
    "accuracy": 0.9875,
    "precision": 0.967741935483871,
    "recall": 1.0,
    "f1_score": 0.9836065573770492,
    "roc_auc": 1.0
  }
}