{
  "Logistic Regression": {
    "accuracy": 0.9375,
    "precision": 0.9428571428571428,
    "recall": 0.9340659340659341,
    "f1_score": 0.93843981881515,
    "roc_auc": 0.97543
  },
  "Random Forest": {
    "accuracy": 0.9875,
    "precision": 1.0,
    "recall": 0.9666666666666667,
    "f1_score": 0.9830508474576272,
    "roc_auc": 1.0
  },
  "XGBoost": {
    "accuracy": 0.95,
    "precision": 0.9642857142857143,
    "recall": 0.9,
    "f1_score": 0.9310344827586207,
    "roc_auc": 0.9973333333333334
  },
  "LightGBM": {
    "accuracy": 0.975,
    "precision": 0.9767441860465116,
    "recall": 0.96321281031354,
    "f1_score": 0.9699310931098,
    "roc_auc": 0.99912
  },
  "MLP": {
    "accuracy": 0.9875,
    "precision": 0.967741935483871,
    "recall": 1.0,
    "f1_score": 0.9836065573770492,
    "roc_auc": 1.0
  }
}